Safety_Stock,ROP,EOQ,Coverage,Mean_Demand,Demand_Std
3637.434870726517,21818.861900726515,6158.024203520384,1.9250414140897059,2597.3467185714285,833.224941830021
