Model,MAE,RMSE
XGBoost,333.68206787109375,427.7547121306789
LightGBM,365.1157521631029,446.43367807316537
Naive,530.5714285714286,763.1864123528405
Prophet,657.6605303198002,863.565089471206
